metric,value
total_reviewers,472
assigned_reviewers,430
total_assignments,1956
avg_load,4.1440677966101696
variance,4.466532605573112
std_load,2.1134172814598426
min_load,0
max_load,9
gini,0.28585231014522894
near_capacity_reviewers,3
at_capacity_reviewers,0
capacity_policy,"junior=6, mid=10, senior=12-15"
capacity_by_reviewer,"{'1748257': 10, '143971891': 10, '2061636709': 6, '2663884': 10, '1975411': 10, '1678415': 10, '71615704': 12, '40404161': 10, '1738219': 12, '3106437': 12, '3350249': 10, '1680664': 10, '145747881': 12, '1699343': 6, '3305769': 10, '3198185': 10, '2043406': 10, '1750351': 12, '1724010': 10, '1797819': 10, '40520756': 10, '2324254': 10, '1953113': 10, '2843316': 12, '34796546': 10, '1701529': 10, '40291891': 10, '40609577': 12, '2805349': 10, '1741423': 6, '1726425': 10, '2814447': 10, '118913334': 10, '1730023': 10, '1720331': 10, '143702465': 10, '145566729': 10, '2079885865': 12, '2619539': 10, '2372049': 10, '46179631': 12, '1753013': 6, '2456138': 10, '2321708': 10, '1762236': 10, '2601200': 6, '31565315': 10, '66911936': 6, '1711387': 12, '12455293': 10, '2838186': 10, '3187988': 10, '2064801127': 10, '143886603': 10, '1398926410': 10, '2485728': 10, '71679903': 10, '2356644': 10, '145658132': 6, '1721059': 10, '1721158': 10, '2049808654': 10, '1791591': 6, '2504683': 10, '1404441252': 10, '2553511': 12, '3034066': 10, '2627116': 12, '1689640': 10, '1861089': 12, '49943757': 6, '1692708': 10, '2456849': 10, '1781993': 10, '11102536': 12, '1737427': 10, '47767276': 10, '3110430': 12, '1729599': 10, '2043236': 10, '2052329': 6, '1974739': 10, '47763032': 10, '2621219': 10, '145301017': 6, '1680709': 10, '144608002': 12, '1750062': 10, '1792960': 10, '1728054': 12, '143634280': 10, '34303113': 10, '2038894': 10, '145971067': 10, '1746617': 10, '2799443': 6, '144196238': 10, '1802726': 10, '1931593': 10, '145275796': 10, '66206385': 10, '3174114': 10, '51040735': 6, '2680937': 12, '2115114': 12, '1763647': 10, '1740298': 10, '2065279705': 6, '144710194': 10, '144416720': 12, '1898621': 10, '2634786': 10, '3229889': 10, '5048318': 10, '3353806': 10, '1800811': 10, '1719053': 10, '1689974': 12, '1738599770': 10, '49458747': 12, '143708147': 10, '34606984': 10, '33884920': 10, '1387447871': 10, '1755585': 10, '2583816': 10, '145216461': 12, '1682407': 6, '145993352': 6, '34241570': 10, '2594085': 10, '3223508': 10, '2109087573': 10, '9315039': 6, '3081813': 10, '49799441': 10, '1714893': 10, '3470632': 10, '1728509': 10, '3072757': 12, '1491238594': 10, '1730828': 10, '2040952': 10, '2008392': 10, '2652846': 10, '3271120': 10, '1766782': 10, '143858195': 10, '145000677': 10, '144209306': 10, '2029677926': 10, '2511068': 12, '2757194': 12, '2858605': 12, '1932158980': 12, '1393699478': 10, '143621680': 6, '1772443': 10, '32653342': 12, '32738587': 10, '2683157': 10, '33973438': 10, '145934528': 10, '2109806772': 12, '1751931': 10, '3298045': 10, '49549996': 12, '153804091': 10, '145369682': 10, '2315703': 10, '2065852440': 10, '2689774': 10, '1672345003': 10, '143789213': 10, '1718164': 10, '35078346': 10, '1728566': 12, '3234249': 12, '1773317': 10, '68980019': 10, '2958656': 12, '2093112724': 10, '1399068269': 10, '2295816': 10, '70053552': 6, '2912921': 12, '144249376': 12, '1750009': 10, '1755645': 10, '143752702': 6, '1699771': 10, '3025899': 10, '1954709': 10, '2094211937': 6, '46408867': 10, '3338131': 10, '1727784': 10, '143772714': 10, '2418440': 10, '2079911': 10, '2789097': 10, '49817869': 12, '2601051': 10, '1848764': 6, '1748977': 6, '1921554': 10, '17178754': 10, '1731651': 10, '152151312': 10, '3232546': 10, '2066549620': 12, '1730216': 10, '144138457': 6, '1686355': 6, '1727566': 10, '1684267': 10, '2370666': 10, '3164097': 10, '143667487': 12, '1723397': 6, '2024066': 10, '1725656': 10, '1781951': 10, '1711832': 10, '2777543': 12, '143630551': 12, '46379057': 12, '50443544': 10, '2029669151': 10, '1801255': 12, '2108768': 10, '3446997': 6, '1689732': 10, '3081683': 10, '2766928': 10, '1732265': 10, '1703432': 10, '3048690': 10, '1735321': 6, '145267753': 10, '2945518': 12, '1682119': 10, '2762082': 10, '2444947': 6, '1756933': 10, '1689972': 6, '1936779': 6, '1983431': 10, '1736763': 10, '2067211723': 10, '143840600': 10, '1389854357': 12, '152573671': 10, '2005670': 10, '145882060': 10, '40438851': 12, '1759225': 10, '2133649': 10, '144284494': 10, '3101511': 10, '1805399': 12, '1861119': 12, '1400731651': 10, '2326420': 6, '2852530': 10, '1817564': 12, '1761385': 10, '2350876': 12, '1700754': 12, '1742501819': 6, '2602987': 6, '1708081': 10, '1701184': 6, '1796253': 10, '145921076': 10, '1887019': 10, '2046811422': 10, '1773883': 10, '103862335': 6, '104152935': 6, '105075473': 6, '107735799': 6, '117790463': 6, '121926334': 6, '134199365': 6, '1388397981': 6, '1390061529': 6, '1401910638': 6, '1402398693': 6, '1409093271': 6, '143762153': 6, '143840603': 6, '144163817': 6, '144165120': 6, '144214670': 6, '144395552': 6, '144460791': 6, '144474383': 6, '144486515': 6, '144581915': 6, '144647982': 6, '144736530': 6, '144835727': 6, '144890655': 6, '144920205': 6, '144996383': 6, '145185003': 6, '145201295': 6, '145214359': 6, '145483430': 6, '145866845': 6, '145968220': 6, '146627338': 6, '146749506': 6, '152253993': 6, '152534501': 6, '152642284': 6, '152644354': 6, '152729774': 6, '153645913': 6, '1575385249': 6, '1657623936': 6, '1678807': 6, '1680758': 6, '1683786': 6, '1685583': 6, '1685849': 6, '1686860': 6, '1692044': 6, '1695779': 6, '1697277': 6, '1699072': 6, '1708763': 6, '1708906': 6, '1711719': 6, '1720600': 6, '1726847': 6, '1730580': 6, '1731361': 6, '1732198': 6, '1732240': 6, '1732997': 6, '1735198': 6, '1737406': 6, '1738179': 6, '1739139': 6, '1739453': 6, '1740880': 6, '1741679': 6, '1744651': 6, '1746011': 6, '1746173': 6, '1748108': 6, '1748453': 6, '1748483': 6, '1749425': 6, '1753080': 6, '1753138': 6, '1763416': 6, '1765008': 6, '1772731': 6, '1775538': 6, '1783477': 6, '1785092': 6, '1791253': 6, '1793096': 6, '1795049': 6, '1797997': 6, '1798706': 6, '1798963': 6, '1802820': 6, '1808447': 6, '1847107': 10, '1869895': 6, '1918610': 6, '1927081': 6, '1935109': 6, '1969092': 6, '1978495': 6, '2005814': 6, '2015586': 6, '2052490694': 6, '2064474720': 6, '2065866976': 6, '2066252198': 6, '2067207106': 6, '2072843292': 6, '2072957924': 6, '2074284952': 6, '2075146591': 6, '2075586581': 6, '2076987564': 6, '2077593657': 6, '2078999419': 6, '2081345434': 6, '2082947': 6, '2083062027': 6, '2083404694': 6, '2091789013': 6, '2102859': 6, '2105623951': 6, '2109087547': 6, '2118044610': 6, '2144370824': 10, '2144840': 6, '2157510090': 6, '2178139': 10, '2192461': 6, '2193550527': 6, '2263442': 6, '2316506': 6, '2317777': 6, '2345668': 6, '2346796': 6, '2355288': 6, '2382525': 6, '2420171': 6, '2457826': 6, '2492793': 6, '2522516': 6, '2641650': 6, '2705621': 6, '2717024': 6, '2893196': 6, '2899255': 6, '2982010': 6, '3018242': 6, '3020650': 6, '3128874': 6, '3162838': 6, '3246706': 6, '3256660': 6, '3257814': 6, '3300163': 6, '3329574': 6, '3349721': 6, '34530294': 6, '35167485': 6, '35570106': 6, '37976959': 6, '38602530': 6, '39336831': 6, '39565794': 6, '39596715': 6, '39616847': 6, '39876094': 6, '40081948': 6, '40199896': 6, '4641443': 6, '46415512': 6, '46482493': 6, '46694638': 6, '47033143': 6, '47071275': 6, '47559204': 6, '48206205': 6, '49609180': 6, '49757428': 6, '49963670': 6, '50156266': 6, '50184494': 6, '50475575': 6, '51318896': 6, '51426645': 6, '71102575': 6, '72403475': 6, '7729327': 6, '7974521': 6, '80103755': 6, '8315951': 6, '8344219': 6, '8892942': 6}"
